market,strategy_id,fee_mult,slippage_mult,fee_bps,slippage_bps,sharpe,cagr,mdd,trades,turnover,win_rate,valid,violations,zero_close_count,ret_inf_count,strat_ret_clamp_count,cumret_clip_count
binance_futures,BOLL_MID_TSMOM_30_ETH_GT_MA50_GATE,0.5,0.5,4,1.5,-0.061586849,7.5966291,-0.97392333,11586,15.204411,0.44115155,True,,0,0,0,0
binance_futures,BOLL_MID_TSMOM_30_ETH_GT_MA50_GATE,1,1,8,3,-0.078161692,7.5635609,-0.97516003,11586,15.204411,0.44101935,True,,0,0,0,0
binance_futures,BOLL_MID_TSMOM_30_ETH_GT_MA50_GATE,1.5,1.5,12,4.5,-0.093607804,7.530632,-0.97633873,11586,15.204411,0.44083865,True,,0,0,0,0
binance_futures,BOLL_MID_TSMOM_30_ETH_GT_MA50_GATE,2,2,16,6,-0.10874835,7.4978416,-0.97746214,11586,15.204411,0.44058631,True,,0,0,0,0
binance_futures,BOLL_MID_TSMOM_30_ETH_GT_MA50_SIZING,0.5,0.5,4,1.5,-0.061586849,7.5966291,-0.97392333,11586,15.204411,0.44115155,True,,0,0,0,0
binance_futures,BOLL_MID_TSMOM_30_ETH_GT_MA50_SIZING,1,1,8,3,-0.078161692,7.5635609,-0.97516003,11586,15.204411,0.44101935,True,,0,0,0,0
binance_futures,BOLL_MID_TSMOM_30_ETH_GT_MA50_SIZING,1.5,1.5,12,4.5,-0.093607804,7.530632,-0.97633873,11586,15.204411,0.44083865,True,,0,0,0,0
binance_futures,BOLL_MID_TSMOM_30_ETH_GT_MA50_SIZING,2,2,16,6,-0.10874835,7.4978416,-0.97746214,11586,15.204411,0.44058631,True,,0,0,0,0
binance_futures,BOLL_MID_TSMOM_30_SCORE_AVG_GT_1_SIZING,0.5,0.5,4,1.5,-0.095764554,2.2048177,-0.95085351,12759,13.334283,0.44169179,True,,0,0,0,0
binance_futures,BOLL_MID_TSMOM_30_SCORE_AVG_GT_1_SIZING,1,1,8,3,-0.11295618,2.1929728,-0.95230846,12759,13.334283,0.44132909,True,,0,0,0,0
binance_futures,BOLL_MID_TSMOM_30_SCORE_AVG_GT_1_SIZING,1.5,1.5,12,4.5,-0.12890157,2.1811926,-0.95372091,12759,13.334283,0.44094913,True,,0,0,0,0
binance_futures,BOLL_MID_TSMOM_30_SCORE_AVG_GT_1_SIZING,2,2,16,6,-0.14448889,2.1694766,-0.95509208,12759,13.334283,0.44045263,True,,0,0,0,0
binance_futures,KAMA_TSMOM_30_ETH_GT_MA50_GATE,0.5,0.5,4,1.5,-0.05516546,7.5213383,-0.96664105,12027,15.734032,0.43324927,True,,0,0,0,0
binance_futures,KAMA_TSMOM_30_ETH_GT_MA50_GATE,1,1,8,3,-0.072564364,7.4886861,-0.96815239,12027,15.734032,0.4330948,True,,0,0,0,0
binance_futures,KAMA_TSMOM_30_ETH_GT_MA50_GATE,1.5,1.5,12,4.5,-0.088841526,7.4561736,-0.96959606,12027,15.734032,0.43288843,True,,0,0,0,0
binance_futures,KAMA_TSMOM_30_ETH_GT_MA50_GATE,2,2,16,6,-0.10480993,7.4238,-0.97097507,12027,15.734032,0.4325943,True,,0,0,0,0
binance_futures,KAMA_TSMOM_30_SCORE_AVG_GT_1_SIZING,0.5,0.5,4,1.5,-0.09233679,2.1976614,-0.95004388,13395,13.795861,0.4326468,True,,0,0,0,0
binance_futures,KAMA_TSMOM_30_SCORE_AVG_GT_1_SIZING,1,1,8,3,-0.11034384,2.1856058,-0.9514432,13395,13.795861,0.43228578,True,,0,0,0,0
binance_futures,KAMA_TSMOM_30_SCORE_AVG_GT_1_SIZING,1.5,1.5,12,4.5,-0.12710531,2.1736187,-0.95280388,13395,13.795861,0.43188209,True,,0,0,0,0
binance_futures,KAMA_TSMOM_30_SCORE_AVG_GT_1_SIZING,2,2,16,6,-0.14350212,2.1616997,-0.95412695,13395,13.795861,0.43140791,True,,0,0,0,0
binance_futures,SUPERTREND_TSMOM_30_ETH_GT_MA50_GATE,0.5,0.5,4,1.5,-0.040121733,0.18828715,-0.98266208,7431,9.0210689,0.42889936,True,,0,0,0,0
binance_futures,SUPERTREND_TSMOM_30_ETH_GT_MA50_GATE,1,1,8,3,-0.052026603,0.18225495,-0.98304641,7431,9.0210689,0.42876745,True,,0,0,0,0
binance_futures,SUPERTREND_TSMOM_30_ETH_GT_MA50_GATE,1.5,1.5,12,4.5,-0.062722334,0.17625601,-0.98342243,7431,9.0210689,0.42866702,True,,0,0,0,0
binance_futures,SUPERTREND_TSMOM_30_ETH_GT_MA50_GATE,2,2,16,6,-0.073054144,0.17029016,-0.98379032,7431,9.0210689,0.42851273,True,,0,0,0,0
binance_futures,SUPERTREND_TSMOM_30_ETH_GT_MA50_SIZING,0.5,0.5,4,1.5,-0.040121733,0.18828715,-0.98266208,7431,9.0210689,0.42889936,True,,0,0,0,0
binance_futures,SUPERTREND_TSMOM_30_ETH_GT_MA50_SIZING,1,1,8,3,-0.052026603,0.18225495,-0.98304641,7431,9.0210689,0.42876745,True,,0,0,0,0
binance_futures,SUPERTREND_TSMOM_30_ETH_GT_MA50_SIZING,1.5,1.5,12,4.5,-0.062722334,0.17625601,-0.98342243,7431,9.0210689,0.42866702,True,,0,0,0,0
binance_futures,SUPERTREND_TSMOM_30_ETH_GT_MA50_SIZING,2,2,16,6,-0.073054144,0.17029016,-0.98379032,7431,9.0210689,0.42851273,True,,0,0,0,0
binance_futures,SUPERTREND_TSMOM_30_INDEX_GT_MA50_GATE,0.5,0.5,4,1.5,-0.10038308,0.011283588,-0.98931478,8106,9.8760843,0.42696846,True,,0,0,0,0
binance_futures,SUPERTREND_TSMOM_30_INDEX_GT_MA50_GATE,1,1,8,3,-0.11273029,0.0058041899,-0.98960949,8106,9.8760843,0.42677475,True,,0,0,0,0
binance_futures,SUPERTREND_TSMOM_30_INDEX_GT_MA50_GATE,1.5,1.5,12,4.5,-0.12378114,0.00035826983,-0.98989624,8106,9.8760843,0.42656768,True,,0,0,0,0
binance_futures,SUPERTREND_TSMOM_30_INDEX_GT_MA50_GATE,2,2,16,6,-0.13443032,-0.0050543848,-0.99017524,8106,9.8760843,0.42634591,True,,0,0,0,0
binance_futures,SUPERTREND_TSMOM_30_INDEX_GT_MA50_SIZING,0.5,0.5,4,1.5,-0.10038308,0.011283588,-0.98931478,8106,9.8760843,0.42696846,True,,0,0,0,0
binance_futures,SUPERTREND_TSMOM_30_INDEX_GT_MA50_SIZING,1,1,8,3,-0.11273029,0.0058041899,-0.98960949,8106,9.8760843,0.42677475,True,,0,0,0,0
binance_futures,SUPERTREND_TSMOM_30_INDEX_GT_MA50_SIZING,1.5,1.5,12,4.5,-0.12378114,0.00035826983,-0.98989624,8106,9.8760843,0.42656768,True,,0,0,0,0
binance_futures,SUPERTREND_TSMOM_30_INDEX_GT_MA50_SIZING,2,2,16,6,-0.13443032,-0.0050543848,-0.99017524,8106,9.8760843,0.42634591,True,,0,0,0,0
binance_futures,SUPERTREND_TSMOM_30_SCORE_AVG_GT_1_GATE,0.5,0.5,4,1.5,-0.096535062,0.01337269,-0.98845415,8105,9.8754989,0.42712286,True,,0,0,0,0
binance_futures,SUPERTREND_TSMOM_30_SCORE_AVG_GT_1_GATE,1,1,8,3,-0.10888261,0.0078783822,-0.98877207,8105,9.8754989,0.42692908,True,,0,0,0,0
binance_futures,SUPERTREND_TSMOM_30_SCORE_AVG_GT_1_GATE,1.5,1.5,12,4.5,-0.11993333,0.0024176592,-0.98908141,8105,9.8754989,0.42672127,True,,0,0,0,0
binance_futures,SUPERTREND_TSMOM_30_SCORE_AVG_GT_1_GATE,2,2,16,6,-0.13058501,-0.0030096929,-0.98938239,8105,9.8754989,0.4264994,True,,0,0,0,0
binance_futures,SUPERTREND_TSMOM_30_SCORE_AVG_GT_1_SIZING,0.5,0.5,4,1.5,-0.088267276,0.0047539243,-0.94517462,8105,8.4984287,0.42701627,True,,0,0,0,0
binance_futures,SUPERTREND_TSMOM_30_SCORE_AVG_GT_1_SIZING,1,1,8,3,-0.1015161,7.0528299e-06,-0.94639291,8105,8.4984287,0.42669464,True,,0,0,0,0
binance_futures,SUPERTREND_TSMOM_30_SCORE_AVG_GT_1_SIZING,1.5,1.5,12,4.5,-0.11332695,-0.0047143662,-0.94758451,8105,8.4984287,0.4264035,True,,0,0,0,0
binance_futures,SUPERTREND_TSMOM_30_SCORE_AVG_GT_1_SIZING,2,2,16,6,-0.12467546,-0.0094104747,-0.94875001,8105,8.4984287,0.4260667,True,,0,0,0,0
binance_futures,VIDYA_TSMOM_30_ETH_GT_MA50_GATE,0.5,0.5,4,1.5,-0.072281108,7.5013864,-0.93885637,10478,13.39634,0.42651837,True,,0,0,0,0
binance_futures,VIDYA_TSMOM_30_ETH_GT_MA50_GATE,1,1,8,3,-0.087939994,7.4695079,-0.9410835,10478,13.39634,0.42633527,True,,0,0,0,0
binance_futures,VIDYA_TSMOM_30_ETH_GT_MA50_GATE,1.5,1.5,12,4.5,-0.10244404,7.4377537,-0.94323071,10478,13.39634,0.42614291,True,,0,0,0,0
binance_futures,VIDYA_TSMOM_30_ETH_GT_MA50_GATE,2,2,16,6,-0.11664235,7.4061232,-0.94530083,10478,13.39634,0.42580863,True,,0,0,0,0
binance_futures,VIDYA_TSMOM_30_ETH_GT_MA50_SIZING,0.5,0.5,4,1.5,-0.072281108,7.5013864,-0.93885637,10478,13.39634,0.42651837,True,,0,0,0,0
binance_futures,VIDYA_TSMOM_30_ETH_GT_MA50_SIZING,1,1,8,3,-0.087939994,7.4695079,-0.9410835,10478,13.39634,0.42633527,True,,0,0,0,0
binance_futures,VIDYA_TSMOM_30_ETH_GT_MA50_SIZING,1.5,1.5,12,4.5,-0.10244404,7.4377537,-0.94323071,10478,13.39634,0.42614291,True,,0,0,0,0
binance_futures,VIDYA_TSMOM_30_ETH_GT_MA50_SIZING,2,2,16,6,-0.11664235,7.4061232,-0.94530083,10478,13.39634,0.42580863,True,,0,0,0,0
binance_futures,VIDYA_TSMOM_30_SCORE_AVG_GT_1_SIZING,0.5,0.5,4,1.5,-0.10601511,2.1865703,-0.93007397,11593,12.02379,0.42597073,True,,0,0,0,0
binance_futures,VIDYA_TSMOM_30_SCORE_AVG_GT_1_SIZING,1,1,8,3,-0.12240235,2.1754368,-0.93181611,11593,12.02379,0.42557139,True,,0,0,0,0
binance_futures,VIDYA_TSMOM_30_SCORE_AVG_GT_1_SIZING,1.5,1.5,12,4.5,-0.13758579,2.1643582,-0.93351557,11593,12.02379,0.42517655,True,,0,0,0,0
binance_futures,VIDYA_TSMOM_30_SCORE_AVG_GT_1_SIZING,2,2,16,6,-0.15242318,2.1533342,-0.93517337,11593,12.02379,0.42468132,True,,0,0,0,0
binance_futures,VMA_TSMOM_30_ETH_GT_MA50_GATE,0.5,0.5,4,1.5,-0.058345957,7.5903061,-0.96403945,11841,15.329111,0.43427218,True,,0,0,0,0
binance_futures,VMA_TSMOM_30_ETH_GT_MA50_GATE,1,1,8,3,-0.075516425,7.5573301,-0.96566744,11841,15.329111,0.43413974,True,,0,0,0,0
binance_futures,VMA_TSMOM_30_ETH_GT_MA50_GATE,1.5,1.5,12,4.5,-0.091540956,7.5244935,-0.9672226,11841,15.329111,0.4339382,True,,0,0,0,0
binance_futures,VMA_TSMOM_30_ETH_GT_MA50_GATE,2,2,16,6,-0.10724641,7.4917955,-0.96870815,11841,15.329111,0.43368053,True,,0,0,0,0
binance_futures,VMA_TSMOM_30_ETH_GT_MA50_SIZING,0.5,0.5,4,1.5,-0.058345957,7.5903061,-0.96403945,11841,15.329111,0.43427218,True,,0,0,0,0
binance_futures,VMA_TSMOM_30_ETH_GT_MA50_SIZING,1,1,8,3,-0.075516425,7.5573301,-0.96566744,11841,15.329111,0.43413974,True,,0,0,0,0
binance_futures,VMA_TSMOM_30_ETH_GT_MA50_SIZING,1.5,1.5,12,4.5,-0.091540956,7.5244935,-0.9672226,11841,15.329111,0.4339382,True,,0,0,0,0
binance_futures,VMA_TSMOM_30_ETH_GT_MA50_SIZING,2,2,16,6,-0.10724641,7.4917955,-0.96870815,11841,15.329111,0.43368053,True,,0,0,0,0
binance_futures,VMA_TSMOM_30_SCORE_AVG_GT_1_GATE,0.5,0.5,4,1.5,-0.092825089,30.282071,-0.97830511,12982,16.671041,0.43483828,True,,0,0,0,0
binance_futures,VMA_TSMOM_30_SCORE_AVG_GT_1_GATE,1,1,8,3,-0.11048594,30.184728,-0.97915586,12982,16.671041,0.4346272,True,,0,0,0,0
binance_futures,VMA_TSMOM_30_SCORE_AVG_GT_1_GATE,1.5,1.5,12,4.5,-0.12696833,30.087684,-0.97997372,12982,16.671041,0.43432382,True,,0,0,0,0
binance_futures,VMA_TSMOM_30_SCORE_AVG_GT_1_GATE,2,2,16,6,-0.14312091,29.990939,-0.98075994,12982,16.671041,0.43397458,True,,0,0,0,0
binance_futures,VMA_TSMOM_30_SCORE_AVG_GT_1_SIZING,0.5,0.5,4,1.5,-0.087191919,2.2080583,-0.95228105,12982,13.409063,0.43473608,True,,0,0,0,0
binance_futures,VMA_TSMOM_30_SCORE_AVG_GT_1_SIZING,1,1,8,3,-0.10490524,2.1961597,-0.95376106,12982,13.409063,0.43438883,True,,0,0,0,0
binance_futures,VMA_TSMOM_30_SCORE_AVG_GT_1_SIZING,1.5,1.5,12,4.5,-0.12136298,2.1843267,-0.95519577,12982,13.409063,0.43399544,True,,0,0,0,0
binance_futures,VMA_TSMOM_30_SCORE_AVG_GT_1_SIZING,2,2,16,6,-0.13745192,2.1725588,-0.95658653,12982,13.409063,0.43353195,True,,0,0,0,0
binance_spot,BOLL_MID_TSMOM_30_ETH_GT_MA50_GATE,0.5,0.5,5,1,-0.0040953666,-0.038071733,-0.94290308,15056,15.134453,0.40341628,True,,0,0,0,0
binance_spot,BOLL_MID_TSMOM_30_ETH_GT_MA50_GATE,1,1,10,2,-0.034516682,-0.046729334,-0.94529118,15056,15.134453,0.40318561,True,,0,0,0,0
binance_spot,BOLL_MID_TSMOM_30_ETH_GT_MA50_GATE,1.5,1.5,15,3,-0.057597106,-0.055291963,-0.94760659,15056,15.134453,0.4028608,True,,0,0,0,0
binance_spot,BOLL_MID_TSMOM_30_ETH_GT_MA50_GATE,2,2,20,4,-0.078046876,-0.063760676,-0.94983686,15056,15.134453,0.40270731,True,,0,0,0,0
binance_spot,BOLL_MID_TSMOM_30_ETH_GT_MA50_SIZING,0.5,0.5,5,1,-0.0040953666,-0.038071733,-0.94290308,15056,15.134453,0.40341628,True,,0,0,0,0
binance_spot,BOLL_MID_TSMOM_30_ETH_GT_MA50_SIZING,1,1,10,2,-0.034516682,-0.046729334,-0.94529118,15056,15.134453,0.40318561,True,,0,0,0,0
binance_spot,BOLL_MID_TSMOM_30_ETH_GT_MA50_SIZING,1.5,1.5,15,3,-0.057597106,-0.055291963,-0.94760659,15056,15.134453,0.4028608,True,,0,0,0,0
binance_spot,BOLL_MID_TSMOM_30_ETH_GT_MA50_SIZING,2,2,20,4,-0.078046876,-0.063760676,-0.94983686,15056,15.134453,0.40270731,True,,0,0,0,0
binance_spot,BOLL_MID_TSMOM_30_SCORE_AVG_GT_1_SIZING,0.5,0.5,5,1,0.016414141,-0.011709876,-0.88725458,16321,12.97532,0.40349717,True,,0,0,0,0
binance_spot,BOLL_MID_TSMOM_30_SCORE_AVG_GT_1_SIZING,1,1,10,2,-0.016001783,-0.019373895,-0.89125592,16321,12.97532,0.40279984,True,,0,0,0,0
binance_spot,BOLL_MID_TSMOM_30_SCORE_AVG_GT_1_SIZING,1.5,1.5,15,3,-0.040439195,-0.02696447,-0.89511688,16321,12.97532,0.40203948,True,,0,0,0,0
binance_spot,BOLL_MID_TSMOM_30_SCORE_AVG_GT_1_SIZING,2,2,20,4,-0.061862057,-0.034482317,-0.89884234,16321,12.97532,0.4015275,True,,0,0,0,0
binance_spot,KAMA_TSMOM_30_ETH_GT_MA50_GATE,0.5,0.5,5,1,-0.015465025,-0.045204021,-0.93792641,15629,15.784015,0.40053807,True,,0,0,0,0
binance_spot,KAMA_TSMOM_30_ETH_GT_MA50_GATE,1,1,10,2,-0.046574132,-0.054146415,-0.94082271,15629,15.784015,0.40031148,True,,0,0,0,0
binance_spot,KAMA_TSMOM_30_ETH_GT_MA50_GATE,1.5,1.5,15,3,-0.070606689,-0.062986915,-0.94358556,15629,15.784015,0.39996563,True,,0,0,0,0
binance_spot,KAMA_TSMOM_30_ETH_GT_MA50_GATE,2,2,20,4,-0.092079646,-0.071726694,-0.94622101,15629,15.784015,0.39977437,True,,0,0,0,0
binance_spot,KAMA_TSMOM_30_SCORE_AVG_GT_1_SIZING,0.5,0.5,5,1,0.0036154639,-0.017797123,-0.87274668,17030,13.519288,0.40070807,True,,0,0,0,0
binance_spot,KAMA_TSMOM_30_SCORE_AVG_GT_1_SIZING,1,1,10,2,-0.029295267,-0.025738122,-0.87598533,17030,13.519288,0.40000804,True,,0,0,0,0
binance_spot,KAMA_TSMOM_30_SCORE_AVG_GT_1_SIZING,1.5,1.5,15,3,-0.054576423,-0.033600058,-0.87914369,17030,13.519288,0.39921502,True,,0,0,0,0
binance_spot,KAMA_TSMOM_30_SCORE_AVG_GT_1_SIZING,2,2,20,4,-0.076925203,-0.041383731,-0.88222368,17030,13.519288,0.3987029,True,,0,0,0,0
binance_spot,SUPERTREND_TSMOM_30_ETH_GT_MA50_GATE,0.5,0.5,5,1,0.017459139,-0.041015285,-0.97693202,9972,9.6591372,0.39769022,True,,0,0,0,0
binance_spot,SUPERTREND_TSMOM_30_ETH_GT_MA50_GATE,1,1,10,2,-0.0058958663,-0.046616951,-0.97744652,9972,9.6591372,0.39738785,True,,0,0,0,0
binance_spot,SUPERTREND_TSMOM_30_ETH_GT_MA50_GATE,1.5,1.5,15,3,-0.022903556,-0.052178804,-0.97794987,9972,9.6591372,0.39698591,True,,0,0,0,0
binance_spot,SUPERTREND_TSMOM_30_ETH_GT_MA50_GATE,2,2,20,4,-0.037607537,-0.057701127,-0.97844229,9972,9.6591372,0.39682215,True,,0,0,0,0
binance_spot,SUPERTREND_TSMOM_30_ETH_GT_MA50_SIZING,0.5,0.5,5,1,0.017459139,-0.041015285,-0.97693202,9972,9.6591372,0.39769022,True,,0,0,0,0
binance_spot,SUPERTREND_TSMOM_30_ETH_GT_MA50_SIZING,1,1,10,2,-0.0058958663,-0.046616951,-0.97744652,9972,9.6591372,0.39738785,True,,0,0,0,0
binance_spot,SUPERTREND_TSMOM_30_ETH_GT_MA50_SIZING,1.5,1.5,15,3,-0.022903556,-0.052178804,-0.97794987,9972,9.6591372,0.39698591,True,,0,0,0,0
binance_spot,SUPERTREND_TSMOM_30_ETH_GT_MA50_SIZING,2,2,20,4,-0.037607537,-0.057701127,-0.97844229,9972,9.6591372,0.39682215,True,,0,0,0,0
binance_spot,SUPERTREND_TSMOM_30_INDEX_GT_MA50_GATE,0.5,0.5,5,1,-0.015908846,-0.066053159,-0.98392847,10499,10.185163,0.39675259,True,,0,0,0,0
binance_spot,SUPERTREND_TSMOM_30_INDEX_GT_MA50_GATE,1,1,10,2,-0.038962665,-0.071754039,-0.98438181,10499,10.185163,0.39638334,True,,0,0,0,0
binance_spot,SUPERTREND_TSMOM_30_INDEX_GT_MA50_GATE,1.5,1.5,15,3,-0.05623126,-0.07741159,-0.98482264,10499,10.185163,0.39599522,True,,0,0,0,0
binance_spot,SUPERTREND_TSMOM_30_INDEX_GT_MA50_GATE,2,2,20,4,-0.071193709,-0.083026145,-0.98525129,10499,10.185163,0.39585129,True,,0,0,0,0
binance_spot,SUPERTREND_TSMOM_30_INDEX_GT_MA50_SIZING,0.5,0.5,5,1,-0.015908846,-0.066053159,-0.98392847,10499,10.185163,0.39675259,True,,0,0,0,0
binance_spot,SUPERTREND_TSMOM_30_INDEX_GT_MA50_SIZING,1,1,10,2,-0.038962665,-0.071754039,-0.98438181,10499,10.185163,0.39638334,True,,0,0,0,0
binance_spot,SUPERTREND_TSMOM_30_INDEX_GT_MA50_SIZING,1.5,1.5,15,3,-0.05623126,-0.07741159,-0.98482264,10499,10.185163,0.39599522,True,,0,0,0,0
binance_spot,SUPERTREND_TSMOM_30_INDEX_GT_MA50_SIZING,2,2,20,4,-0.071193709,-0.083026145,-0.98525129,10499,10.185163,0.39585129,True,,0,0,0,0
binance_spot,SUPERTREND_TSMOM_30_SCORE_AVG_GT_1_GATE,0.5,0.5,5,1,-0.012797376,-0.064228707,-0.98264794,10498,10.184348,0.39686103,True,,0,0,0,0
binance_spot,SUPERTREND_TSMOM_30_SCORE_AVG_GT_1_GATE,1,1,10,2,-0.03587017,-0.069944499,-0.98313654,10498,10.184348,0.39649164,True,,0,0,0,0
binance_spot,SUPERTREND_TSMOM_30_SCORE_AVG_GT_1_GATE,1.5,1.5,15,3,-0.053145164,-0.075616846,-0.98361166,10498,10.184348,0.39610343,True,,0,0,0,0
binance_spot,SUPERTREND_TSMOM_30_SCORE_AVG_GT_1_GATE,2,2,20,4,-0.06811083,-0.081246081,-0.98407369,10498,10.184348,0.39595943,True,,0,0,0,0
binance_spot,SUPERTREND_TSMOM_30_SCORE_AVG_GT_1_SIZING,0.5,0.5,5,1,0.028328384,-0.017505413,-0.93259739,10498,8.7032378,0.39679823,True,,0,0,0,0
binance_spot,SUPERTREND_TSMOM_30_SCORE_AVG_GT_1_SIZING,1,1,10,2,0.0031496398,-0.022668808,-0.93414295,10498,8.7032378,0.39619099,True,,0,0,0,0
binance_spot,SUPERTREND_TSMOM_30_SCORE_AVG_GT_1_SIZING,1.5,1.5,15,3,-0.015854432,-0.02779839,-0.9356536,10498,8.7032378,0.39533398,True,,0,0,0,0
binance_spot,SUPERTREND_TSMOM_30_SCORE_AVG_GT_1_SIZING,2,2,20,4,-0.032224362,-0.032894384,-0.93713012,10498,8.7032378,0.3948387,True,,0,0,0,0
binance_spot,VIDYA_TSMOM_30_ETH_GT_MA50_GATE,0.5,0.5,5,1,-0.017356184,-0.04775665,-0.9275468,13702,13.643402,0.39686737,True,,0,0,0,0
binance_spot,VIDYA_TSMOM_30_ETH_GT_MA50_GATE,1,1,10,2,-0.046358205,-0.055503818,-0.92828045,13702,13.643402,0.39645225,True,,0,0,0,0
binance_spot,VIDYA_TSMOM_30_ETH_GT_MA50_GATE,1.5,1.5,15,3,-0.068156526,-0.063173232,-0.92998586,13702,13.643402,0.39580518,True,,0,0,0,0
binance_spot,VIDYA_TSMOM_30_ETH_GT_MA50_GATE,2,2,20,4,-0.087378668,-0.070765686,-0.93166983,13702,13.643402,0.39564748,True,,0,0,0,0
binance_spot,VIDYA_TSMOM_30_ETH_GT_MA50_SIZING,0.5,0.5,5,1,-0.017356184,-0.04775665,-0.9275468,13702,13.643402,0.39686737,True,,0,0,0,0
binance_spot,VIDYA_TSMOM_30_ETH_GT_MA50_SIZING,1,1,10,2,-0.046358205,-0.055503818,-0.92828045,13702,13.643402,0.39645225,True,,0,0,0,0
binance_spot,VIDYA_TSMOM_30_ETH_GT_MA50_SIZING,1.5,1.5,15,3,-0.068156526,-0.063173232,-0.92998586,13702,13.643402,0.39580518,True,,0,0,0,0
binance_spot,VIDYA_TSMOM_30_ETH_GT_MA50_SIZING,2,2,20,4,-0.087378668,-0.070765686,-0.93166983,13702,13.643402,0.39564748,True,,0,0,0,0
binance_spot,VIDYA_TSMOM_30_SCORE_AVG_GT_1_SIZING,0.5,0.5,5,1,0.0029753179,-0.021541544,-0.88442441,14840,11.916542,0.3965048,True,,0,0,0,0
binance_spot,VIDYA_TSMOM_30_SCORE_AVG_GT_1_SIZING,1,1,10,2,-0.027756672,-0.028524261,-0.88757409,14840,11.916542,0.39564964,True,,0,0,0,0
binance_spot,VIDYA_TSMOM_30_SCORE_AVG_GT_1_SIZING,1.5,1.5,15,3,-0.050946846,-0.03544473,-0.89063915,14840,11.916542,0.39484242,True,,0,0,0,0
binance_spot,VIDYA_TSMOM_30_SCORE_AVG_GT_1_SIZING,2,2,20,4,-0.071293604,-0.042303518,-0.89362182,14840,11.916542,0.39436328,True,,0,0,0,0
binance_spot,VMA_TSMOM_30_ETH_GT_MA50_GATE,0.5,0.5,5,1,-0.0080728617,-0.036878186,-0.93146927,15347,15.388953,0.39977042,True,,0,0,0,0
binance_spot,VMA_TSMOM_30_ETH_GT_MA50_GATE,1,1,10,2,-0.039122659,-0.045658356,-0.93257928,15347,15.388953,0.39953014,True,,0,0,0,0
binance_spot,VMA_TSMOM_30_ETH_GT_MA50_GATE,1.5,1.5,15,3,-0.062769302,-0.0543402,-0.93367405,15347,15.388953,0.39919694,True,,0,0,0,0
binance_spot,VMA_TSMOM_30_ETH_GT_MA50_GATE,2,2,20,4,-0.083761737,-0.062924836,-0.93475378,15347,15.388953,0.39904839,True,,0,0,0,0
binance_spot,VMA_TSMOM_30_ETH_GT_MA50_SIZING,0.5,0.5,5,1,-0.0080728617,-0.036878186,-0.93146927,15347,15.388953,0.39977042,True,,0,0,0,0
binance_spot,VMA_TSMOM_30_ETH_GT_MA50_SIZING,1,1,10,2,-0.039122659,-0.045658356,-0.93257928,15347,15.388953,0.39953014,True,,0,0,0,0
binance_spot,VMA_TSMOM_30_ETH_GT_MA50_SIZING,1.5,1.5,15,3,-0.062769302,-0.0543402,-0.93367405,15347,15.388953,0.39919694,True,,0,0,0,0
binance_spot,VMA_TSMOM_30_ETH_GT_MA50_SIZING,2,2,20,4,-0.083761737,-0.062924836,-0.93475378,15347,15.388953,0.39904839,True,,0,0,0,0
binance_spot,VMA_TSMOM_30_SCORE_AVG_GT_1_GATE,0.5,0.5,5,1,-0.012446937,-0.05171339,-0.93532046,16572,16.570915,0.40078698,True,,0,0,0,0
binance_spot,VMA_TSMOM_30_SCORE_AVG_GT_1_GATE,1,1,10,2,-0.044280956,-0.061027633,-0.93670892,16572,16.570915,0.40045616,True,,0,0,0,0
binance_spot,VMA_TSMOM_30_SCORE_AVG_GT_1_GATE,1.5,1.5,15,3,-0.068772359,-0.070228434,-0.93906375,16572,16.570915,0.40011718,True,,0,0,0,0
binance_spot,VMA_TSMOM_30_SCORE_AVG_GT_1_GATE,2,2,20,4,-0.090508692,-0.079317197,-0.9413342,16572,16.570915,0.39995189,True,,0,0,0,0
binance_spot,VMA_TSMOM_30_SCORE_AVG_GT_1_SIZING,0.5,0.5,5,1,0.022311195,-0.0078647857,-0.86359149,16572,13.17611,0.4007299,True,,0,0,0,0
binance_spot,VMA_TSMOM_30_SCORE_AVG_GT_1_SIZING,1,1,10,2,-0.010707677,-0.015668142,-0.86814909,16572,13.17611,0.40001112,True,,0,0,0,0
binance_spot,VMA_TSMOM_30_SCORE_AVG_GT_1_SIZING,1.5,1.5,15,3,-0.035715879,-0.023395316,-0.87255636,16572,13.17611,0.39924127,True,,0,0,0,0
binance_spot,VMA_TSMOM_30_SCORE_AVG_GT_1_SIZING,2,2,20,4,-0.057692523,-0.031047068,-0.8768182,16572,13.17611,0.39874392,True,,0,0,0,0
bithumb_krw,BOLL_MID_TSMOM_30_ETH_GT_MA50_GATE,0.5,0.5,5,1,0.23723581,0.10804723,-0.99991887,9715,13.385272,0.43544231,True,,0,0,0,0
bithumb_krw,BOLL_MID_TSMOM_30_ETH_GT_MA50_GATE,1,1,10,2,0.21761254,0.09934877,-0.99992524,9715,13.385272,0.43518537,True,,0,0,0,0
bithumb_krw,BOLL_MID_TSMOM_30_ETH_GT_MA50_GATE,1.5,1.5,15,3,0.19802811,0.090724573,-0.99993111,9715,13.385272,0.43475869,True,,0,0,0,0
bithumb_krw,BOLL_MID_TSMOM_30_ETH_GT_MA50_GATE,2,2,20,4,0.17849389,0.08217398,-0.99993652,9715,13.385272,0.43444534,True,,0,0,0,0
bithumb_krw,BOLL_MID_TSMOM_30_ETH_GT_MA50_SIZING,0.5,0.5,5,1,0.23723581,0.10804723,-0.99991887,9715,13.385272,0.43544231,True,,0,0,0,0
bithumb_krw,BOLL_MID_TSMOM_30_ETH_GT_MA50_SIZING,1,1,10,2,0.21761254,0.09934877,-0.99992524,9715,13.385272,0.43518537,True,,0,0,0,0
bithumb_krw,BOLL_MID_TSMOM_30_ETH_GT_MA50_SIZING,1.5,1.5,15,3,0.19802811,0.090724573,-0.99993111,9715,13.385272,0.43475869,True,,0,0,0,0
bithumb_krw,BOLL_MID_TSMOM_30_ETH_GT_MA50_SIZING,2,2,20,4,0.17849389,0.08217398,-0.99993652,9715,13.385272,0.43444534,True,,0,0,0,0
bithumb_krw,BOLL_MID_TSMOM_30_SCORE_AVG_GT_1_SIZING,0.5,0.5,5,1,0.34028703,0.13268452,-0.99779801,10673,11.72952,0.43648121,True,,0,0,0,0
bithumb_krw,BOLL_MID_TSMOM_30_SCORE_AVG_GT_1_SIZING,1,1,10,2,0.32012181,0.12473192,-0.99792936,10673,11.72952,0.43621626,True,,0,0,0,0
bithumb_krw,BOLL_MID_TSMOM_30_SCORE_AVG_GT_1_SIZING,1.5,1.5,15,3,0.30000323,0.1168414,-0.99805292,10673,11.72952,0.43582183,True,,0,0,0,0
bithumb_krw,BOLL_MID_TSMOM_30_SCORE_AVG_GT_1_SIZING,2,2,20,4,0.27994242,0.10901245,-0.99816915,10673,11.72952,0.43541323,True,,0,0,0,0
bithumb_krw,KAMA_TSMOM_30_ETH_GT_MA50_GATE,0.5,0.5,5,1,0.18096098,0.074806649,-0.99986747,10334,14.23633,0.42866783,True,,0,0,0,0
bithumb_krw,KAMA_TSMOM_30_ETH_GT_MA50_GATE,1,1,10,2,0.15983153,0.065787875,-0.99987786,10334,14.23633,0.42841284,True,,0,0,0,0
bithumb_krw,KAMA_TSMOM_30_ETH_GT_MA50_GATE,1.5,1.5,15,3,0.13876543,0.056852,-0.99988743,10334,14.23633,0.42798762,True,,0,0,0,0
bithumb_krw,KAMA_TSMOM_30_ETH_GT_MA50_GATE,2,2,20,4,0.11777538,0.047998236,-0.99989627,10334,14.23633,0.42771698,True,,0,0,0,0
bithumb_krw,KAMA_TSMOM_30_SCORE_AVG_GT_1_SIZING,0.5,0.5,5,1,0.28408594,0.10924356,-0.99754309,11337,12.405501,0.43037577,True,,0,0,0,0
bithumb_krw,KAMA_TSMOM_30_SCORE_AVG_GT_1_SIZING,1,1,10,2,0.26255672,0.1010012,-0.99769148,11337,12.405501,0.43007981,True,,0,0,0,0
bithumb_krw,KAMA_TSMOM_30_SCORE_AVG_GT_1_SIZING,1.5,1.5,15,3,0.24109587,0.09282721,-0.99783096,11337,12.405501,0.42967148,True,,0,0,0,0
bithumb_krw,KAMA_TSMOM_30_SCORE_AVG_GT_1_SIZING,2,2,20,4,0.219715,0.084721002,-0.99796206,11337,12.405501,0.42929391,True,,0,0,0,0
bithumb_krw,SUPERTREND_TSMOM_30_ETH_GT_MA50_GATE,0.5,0.5,5,1,0.14212171,0.064230091,-0.95380721,6539,8.1200903,0.41853391,True,,0,0,0,0
bithumb_krw,SUPERTREND_TSMOM_30_ETH_GT_MA50_GATE,1,1,10,2,0.12970367,0.058988922,-0.95533028,6539,8.1200903,0.41819419,True,,0,0,0,0
bithumb_krw,SUPERTREND_TSMOM_30_ETH_GT_MA50_GATE,1.5,1.5,15,3,0.11728583,0.053775699,-0.95680405,6539,8.1200903,0.41781018,True,,0,0,0,0
bithumb_krw,SUPERTREND_TSMOM_30_ETH_GT_MA50_GATE,2,2,20,4,0.1048735,0.048590271,-0.95823009,6539,8.1200903,0.41748185,True,,0,0,0,0
bithumb_krw,SUPERTREND_TSMOM_30_ETH_GT_MA50_SIZING,0.5,0.5,5,1,0.14212171,0.064230091,-0.95380721,6539,8.1200903,0.41853391,True,,0,0,0,0
bithumb_krw,SUPERTREND_TSMOM_30_ETH_GT_MA50_SIZING,1,1,10,2,0.12970367,0.058988922,-0.95533028,6539,8.1200903,0.41819419,True,,0,0,0,0
bithumb_krw,SUPERTREND_TSMOM_30_ETH_GT_MA50_SIZING,1.5,1.5,15,3,0.11728583,0.053775699,-0.95680405,6539,8.1200903,0.41781018,True,,0,0,0,0
bithumb_krw,SUPERTREND_TSMOM_30_ETH_GT_MA50_SIZING,2,2,20,4,0.1048735,0.048590271,-0.95823009,6539,8.1200903,0.41748185,True,,0,0,0,0
bithumb_krw,SUPERTREND_TSMOM_30_INDEX_GT_MA50_GATE,0.5,0.5,5,1,0.15467515,0.070011509,-0.95276272,7133,8.9366901,0.4186814,True,,0,0,0,0
bithumb_krw,SUPERTREND_TSMOM_30_INDEX_GT_MA50_GATE,1,1,10,2,0.14140317,0.064181684,-0.9540362,7133,8.9366901,0.41836963,True,,0,0,0,0
bithumb_krw,SUPERTREND_TSMOM_30_INDEX_GT_MA50_GATE,1.5,1.5,15,3,0.12815012,0.058386913,-0.95527613,7133,8.9366901,0.41796008,True,,0,0,0,0
bithumb_krw,SUPERTREND_TSMOM_30_INDEX_GT_MA50_GATE,2,2,20,4,0.1149227,0.052626983,-0.95648338,7133,8.9366901,0.41763226,True,,0,0,0,0
bithumb_krw,SUPERTREND_TSMOM_30_INDEX_GT_MA50_SIZING,0.5,0.5,5,1,0.15467515,0.070011509,-0.95276272,7133,8.9366901,0.4186814,True,,0,0,0,0
bithumb_krw,SUPERTREND_TSMOM_30_INDEX_GT_MA50_SIZING,1,1,10,2,0.14140317,0.064181684,-0.9540362,7133,8.9366901,0.41836963,True,,0,0,0,0
bithumb_krw,SUPERTREND_TSMOM_30_INDEX_GT_MA50_SIZING,1.5,1.5,15,3,0.12815012,0.058386913,-0.95527613,7133,8.9366901,0.41796008,True,,0,0,0,0
bithumb_krw,SUPERTREND_TSMOM_30_INDEX_GT_MA50_SIZING,2,2,20,4,0.1149227,0.052626983,-0.95648338,7133,8.9366901,0.41763226,True,,0,0,0,0
bithumb_krw,SUPERTREND_TSMOM_30_SCORE_AVG_GT_1_GATE,0.5,0.5,5,1,0.157456,0.071887331,-0.95276272,7117,8.9228903,0.41893942,True,,0,0,0,0
bithumb_krw,SUPERTREND_TSMOM_30_SCORE_AVG_GT_1_GATE,1,1,10,2,0.14418844,0.066053862,-0.9540362,7117,8.9228903,0.418617,True,,0,0,0,0
bithumb_krw,SUPERTREND_TSMOM_30_SCORE_AVG_GT_1_GATE,1.5,1.5,15,3,0.13094193,0.060255413,-0.95527613,7117,8.9228903,0.41820576,True,,0,0,0,0
bithumb_krw,SUPERTREND_TSMOM_30_SCORE_AVG_GT_1_GATE,2,2,20,4,0.1177233,0.054491771,-0.95648338,7117,8.9228903,0.41787113,True,,0,0,0,0
bithumb_krw,SUPERTREND_TSMOM_30_SCORE_AVG_GT_1_SIZING,0.5,0.5,5,1,0.23607408,0.093233398,-0.87754176,7117,7.8272824,0.41892931,True,,0,0,0,0
bithumb_krw,SUPERTREND_TSMOM_30_SCORE_AVG_GT_1_SIZING,1,1,10,2,0.22212051,0.08801633,-0.88010702,7117,7.8272824,0.41858665,True,,0,0,0,0
bithumb_krw,SUPERTREND_TSMOM_30_SCORE_AVG_GT_1_SIZING,1.5,1.5,15,3,0.20818214,0.082827276,-0.88261936,7117,7.8272824,0.41814561,True,,0,0,0,0
bithumb_krw,SUPERTREND_TSMOM_30_SCORE_AVG_GT_1_SIZING,2,2,20,4,0.19426337,0.077666078,-0.88507984,7117,7.8272824,0.41774005,True,,0,0,0,0
bithumb_krw,VIDYA_TSMOM_30_ETH_GT_MA50_GATE,0.5,0.5,5,1,0.13526305,0.061278522,-0.99976952,8808,11.856019,0.4202083,True,,0,0,0,0
bithumb_krw,VIDYA_TSMOM_30_ETH_GT_MA50_GATE,1,1,10,2,0.11721274,0.05383507,-0.99978623,8808,11.856019,0.41990237,True,,0,0,0,0
bithumb_krw,VIDYA_TSMOM_30_ETH_GT_MA50_GATE,1.5,1.5,15,3,0.099212395,0.046449447,-0.99980173,8808,11.856019,0.41943879,True,,0,0,0,0
bithumb_krw,VIDYA_TSMOM_30_ETH_GT_MA50_GATE,2,2,20,4,0.081268154,0.039121188,-0.99981612,8808,11.856019,0.41909357,True,,0,0,0,0
bithumb_krw,VIDYA_TSMOM_30_ETH_GT_MA50_SIZING,0.5,0.5,5,1,0.13526305,0.061278522,-0.99976952,8808,11.856019,0.4202083,True,,0,0,0,0
bithumb_krw,VIDYA_TSMOM_30_ETH_GT_MA50_SIZING,1,1,10,2,0.11721274,0.05383507,-0.99978623,8808,11.856019,0.41990237,True,,0,0,0,0
bithumb_krw,VIDYA_TSMOM_30_ETH_GT_MA50_SIZING,1.5,1.5,15,3,0.099212395,0.046449447,-0.99980173,8808,11.856019,0.41943879,True,,0,0,0,0
bithumb_krw,VIDYA_TSMOM_30_ETH_GT_MA50_SIZING,2,2,20,4,0.081268154,0.039121188,-0.99981612,8808,11.856019,0.41909357,True,,0,0,0,0
bithumb_krw,VIDYA_TSMOM_30_SCORE_AVG_GT_1_SIZING,0.5,0.5,5,1,0.23234114,0.086836358,-0.99632843,9741,10.665762,0.42048935,True,,0,0,0,0
bithumb_krw,VIDYA_TSMOM_30_SCORE_AVG_GT_1_SIZING,1,1,10,2,0.21339703,0.079884417,-0.99653099,9741,10.665762,0.42012356,True,,0,0,0,0
bithumb_krw,VIDYA_TSMOM_30_SCORE_AVG_GT_1_SIZING,1.5,1.5,15,3,0.19449418,0.072982765,-0.99672245,9741,10.665762,0.41966884,True,,0,0,0,0
bithumb_krw,VIDYA_TSMOM_30_SCORE_AVG_GT_1_SIZING,2,2,20,4,0.17564158,0.06613102,-0.99690341,9741,10.665762,0.41923679,True,,0,0,0,0
bithumb_krw,VMA_TSMOM_30_ETH_GT_MA50_GATE,0.5,0.5,5,1,0.19650562,0.085218453,-0.99988613,9773,13.491565,0.42877946,True,,0,0,0,0
bithumb_krw,VMA_TSMOM_30_ETH_GT_MA50_GATE,1,1,10,2,0.17609796,0.076610771,-0.9998948,9773,13.491565,0.42850944,True,,0,0,0,0
bithumb_krw,VMA_TSMOM_30_ETH_GT_MA50_GATE,1.5,1.5,15,3,0.155753,0.068078829,-0.99990282,9773,13.491565,0.42802752,True,,0,0,0,0
bithumb_krw,VMA_TSMOM_30_ETH_GT_MA50_GATE,2,2,20,4,0.13548488,0.059621928,-0.99991023,9773,13.491565,0.42772402,True,,0,0,0,0
bithumb_krw,VMA_TSMOM_30_ETH_GT_MA50_SIZING,0.5,0.5,5,1,0.19650562,0.085218453,-0.99988613,9773,13.491565,0.42877946,True,,0,0,0,0
bithumb_krw,VMA_TSMOM_30_ETH_GT_MA50_SIZING,1,1,10,2,0.17609796,0.076610771,-0.9998948,9773,13.491565,0.42850944,True,,0,0,0,0
bithumb_krw,VMA_TSMOM_30_ETH_GT_MA50_SIZING,1.5,1.5,15,3,0.155753,0.068078829,-0.99990282,9773,13.491565,0.42802752,True,,0,0,0,0
bithumb_krw,VMA_TSMOM_30_ETH_GT_MA50_SIZING,2,2,20,4,0.13548488,0.059621928,-0.99991023,9773,13.491565,0.42772402,True,,0,0,0,0
bithumb_krw,VMA_TSMOM_30_SCORE_AVG_GT_1_GATE,0.5,0.5,5,1,0.22618993,0.10376602,-0.99994199,10710,14.592703,0.43042428,True,,0,0,0,0
bithumb_krw,VMA_TSMOM_30_SCORE_AVG_GT_1_GATE,1,1,10,2,0.20499686,0.094220455,-0.99994667,10710,14.592703,0.43016054,True,,0,0,0,0
bithumb_krw,VMA_TSMOM_30_SCORE_AVG_GT_1_GATE,1.5,1.5,15,3,0.1838864,0.084766785,-0.99995097,10710,14.592703,0.42975321,True,,0,0,0,0
bithumb_krw,VMA_TSMOM_30_SCORE_AVG_GT_1_GATE,2,2,20,4,0.1628754,0.075404079,-0.99995494,10710,14.592703,0.42941201,True,,0,0,0,0
bithumb_krw,VMA_TSMOM_30_SCORE_AVG_GT_1_SIZING,0.5,0.5,5,1,0.3008755,0.1158256,-0.9972705,10710,11.804376,0.43042428,True,,0,0,0,0
bithumb_krw,VMA_TSMOM_30_SCORE_AVG_GT_1_SIZING,1,1,10,2,0.28005902,0.10796096,-0.99742949,10710,11.804376,0.43013906,True,,0,0,0,0
bithumb_krw,VMA_TSMOM_30_SCORE_AVG_GT_1_SIZING,1.5,1.5,15,3,0.25930833,0.10015882,-0.99757927,10710,11.804376,0.42969303,True,,0,0,0,0
bithumb_krw,VMA_TSMOM_30_SCORE_AVG_GT_1_SIZING,2,2,20,4,0.23863667,0.092418635,-0.99772038,10710,11.804376,0.42928795,True,,0,0,0,0
upbit_krw,BOLL_MID_TSMOM_30_ETH_GT_MA50_GATE,0.5,0.5,5,1,-0.0026505587,-0.0047706494,-0.91573223,4886,11.653563,0.44981915,True,,0,0,0,0
upbit_krw,BOLL_MID_TSMOM_30_ETH_GT_MA50_GATE,1,1,10,2,-0.022036766,-0.011399052,-0.9177835,4886,11.653563,0.44964831,True,,0,0,0,0
upbit_krw,BOLL_MID_TSMOM_30_ETH_GT_MA50_GATE,1.5,1.5,15,3,-0.041398026,-0.01797389,-0.91978609,4886,11.653563,0.44939765,True,,0,0,0,0
upbit_krw,BOLL_MID_TSMOM_30_ETH_GT_MA50_GATE,2,2,20,4,-0.060723059,-0.024495653,-0.92174114,4886,11.653563,0.44916188,True,,0,0,0,0
upbit_krw,BOLL_MID_TSMOM_30_ETH_GT_MA50_SIZING,0.5,0.5,5,1,-0.0026505587,-0.0047706494,-0.91573223,4886,11.653563,0.44981915,True,,0,0,0,0
upbit_krw,BOLL_MID_TSMOM_30_ETH_GT_MA50_SIZING,1,1,10,2,-0.022036766,-0.011399052,-0.9177835,4886,11.653563,0.44964831,True,,0,0,0,0
upbit_krw,BOLL_MID_TSMOM_30_ETH_GT_MA50_SIZING,1.5,1.5,15,3,-0.041398026,-0.01797389,-0.91978609,4886,11.653563,0.44939765,True,,0,0,0,0
upbit_krw,BOLL_MID_TSMOM_30_ETH_GT_MA50_SIZING,2,2,20,4,-0.060723059,-0.024495653,-0.92174114,4886,11.653563,0.44916188,True,,0,0,0,0
upbit_krw,BOLL_MID_TSMOM_30_SCORE_AVG_GT_1_SIZING,0.5,0.5,5,1,-0.028674413,-0.020363465,-0.77678024,5438,10.029257,0.44769967,True,,0,0,0,0
upbit_krw,BOLL_MID_TSMOM_30_SCORE_AVG_GT_1_SIZING,1,1,10,2,-0.048266151,-0.026118233,-0.7803468,5438,10.029257,0.44748867,True,,0,0,0,0
upbit_krw,BOLL_MID_TSMOM_30_SCORE_AVG_GT_1_SIZING,1.5,1.5,15,3,-0.067834088,-0.031831428,-0.78385756,5438,10.029257,0.44731209,True,,0,0,0,0
upbit_krw,BOLL_MID_TSMOM_30_SCORE_AVG_GT_1_SIZING,2,2,20,4,-0.087368572,-0.037503386,-0.78731337,5438,10.029257,0.44715531,True,,0,0,0,0
upbit_krw,KAMA_TSMOM_30_ETH_GT_MA50_GATE,0.5,0.5,5,1,0.03615375,-0.011709579,-0.94890917,5127,11.975929,0.42778131,True,,0,0,0,0
upbit_krw,KAMA_TSMOM_30_ETH_GT_MA50_GATE,1,1,10,2,0.015531236,-0.018577874,-0.95040524,5127,11.975929,0.42762434,True,,0,0,0,0
upbit_krw,KAMA_TSMOM_30_ETH_GT_MA50_GATE,1.5,1.5,15,3,-0.0050333701,-0.025386753,-0.9518584,5127,11.975929,0.42749961,True,,0,0,0,0
upbit_krw,KAMA_TSMOM_30_ETH_GT_MA50_GATE,2,2,20,4,-0.025530055,-0.032136791,-0.95326987,5127,11.975929,0.42732225,True,,0,0,0,0
upbit_krw,KAMA_TSMOM_30_SCORE_AVG_GT_1_SIZING,0.5,0.5,5,1,0.004822429,-0.021590595,-0.80451357,5726,10.333848,0.42524061,True,,0,0,0,0
upbit_krw,KAMA_TSMOM_30_SCORE_AVG_GT_1_SIZING,1,1,10,2,-0.015848688,-0.027564344,-0.80773601,5726,10.333848,0.42506586,True,,0,0,0,0
upbit_krw,KAMA_TSMOM_30_SCORE_AVG_GT_1_SIZING,1.5,1.5,15,3,-0.036459934,-0.033492014,-0.8109064,5726,10.333848,0.42490111,True,,0,0,0,0
upbit_krw,KAMA_TSMOM_30_SCORE_AVG_GT_1_SIZING,2,2,20,4,-0.057003318,-0.039374001,-0.81402559,5726,10.333848,0.42475432,True,,0,0,0,0
upbit_krw,SUPERTREND_TSMOM_30_ETH_GT_MA50_GATE,0.5,0.5,5,1,0.027920199,-0.012258903,-0.82795519,3351,6.6385056,0.41476138,True,,0,0,0,0
upbit_krw,SUPERTREND_TSMOM_30_ETH_GT_MA50_GATE,1,1,10,2,0.01591831,-0.016185928,-0.83111381,3351,6.6385056,0.4147152,True,,0,0,0,0
upbit_krw,SUPERTREND_TSMOM_30_ETH_GT_MA50_GATE,1.5,1.5,15,3,0.0040858629,-0.020094434,-0.83421634,3351,6.6385056,0.41461937,True,,0,0,0,0
upbit_krw,SUPERTREND_TSMOM_30_ETH_GT_MA50_GATE,2,2,20,4,-0.0076417639,-0.023984513,-0.83726375,3351,6.6385056,0.41444168,True,,0,0,0,0
upbit_krw,SUPERTREND_TSMOM_30_ETH_GT_MA50_SIZING,0.5,0.5,5,1,0.027920199,-0.012258903,-0.82795519,3351,6.6385056,0.41476138,True,,0,0,0,0
upbit_krw,SUPERTREND_TSMOM_30_ETH_GT_MA50_SIZING,1,1,10,2,0.01591831,-0.016185928,-0.83111381,3351,6.6385056,0.4147152,True,,0,0,0,0
upbit_krw,SUPERTREND_TSMOM_30_ETH_GT_MA50_SIZING,1.5,1.5,15,3,0.0040858629,-0.020094434,-0.83421634,3351,6.6385056,0.41461937,True,,0,0,0,0
upbit_krw,SUPERTREND_TSMOM_30_ETH_GT_MA50_SIZING,2,2,20,4,-0.0076417639,-0.023984513,-0.83726375,3351,6.6385056,0.41444168,True,,0,0,0,0
upbit_krw,SUPERTREND_TSMOM_30_INDEX_GT_MA50_GATE,0.5,0.5,5,1,-0.010177862,-0.036317405,-0.83619623,3695,7.4362456,0.41114063,True,,0,0,0,0
upbit_krw,SUPERTREND_TSMOM_30_INDEX_GT_MA50_GATE,1,1,10,2,-0.022742505,-0.040628254,-0.84072421,3695,7.4362456,0.41096925,True,,0,0,0,0
upbit_krw,SUPERTREND_TSMOM_30_INDEX_GT_MA50_GATE,1.5,1.5,15,3,-0.035134226,-0.044915814,-0.84512967,3695,7.4362456,0.41084132,True,,0,0,0,0
upbit_krw,SUPERTREND_TSMOM_30_INDEX_GT_MA50_GATE,2,2,20,4,-0.047416287,-0.04918022,-0.84941585,3695,7.4362456,0.4107104,True,,0,0,0,0
upbit_krw,SUPERTREND_TSMOM_30_INDEX_GT_MA50_SIZING,0.5,0.5,5,1,-0.010177862,-0.036317405,-0.83619623,3695,7.4362456,0.41114063,True,,0,0,0,0
upbit_krw,SUPERTREND_TSMOM_30_INDEX_GT_MA50_SIZING,1,1,10,2,-0.022742505,-0.040628254,-0.84072421,3695,7.4362456,0.41096925,True,,0,0,0,0
upbit_krw,SUPERTREND_TSMOM_30_INDEX_GT_MA50_SIZING,1.5,1.5,15,3,-0.035134226,-0.044915814,-0.84512967,3695,7.4362456,0.41084132,True,,0,0,0,0
upbit_krw,SUPERTREND_TSMOM_30_INDEX_GT_MA50_SIZING,2,2,20,4,-0.047416287,-0.04918022,-0.84941585,3695,7.4362456,0.4107104,True,,0,0,0,0
upbit_krw,SUPERTREND_TSMOM_30_SCORE_AVG_GT_1_GATE,0.5,0.5,5,1,-0.0063373767,-0.034238192,-0.82907321,3692,7.4335358,0.41141985,True,,0,0,0,0
upbit_krw,SUPERTREND_TSMOM_30_SCORE_AVG_GT_1_GATE,1,1,10,2,-0.01893645,-0.038560183,-0.83379201,3692,7.4335358,0.41124798,True,,0,0,0,0
upbit_krw,SUPERTREND_TSMOM_30_SCORE_AVG_GT_1_GATE,1.5,1.5,15,3,-0.031362696,-0.042858815,-0.83838329,3692,7.4335358,0.41110864,True,,0,0,0,0
upbit_krw,SUPERTREND_TSMOM_30_SCORE_AVG_GT_1_GATE,2,2,20,4,-0.043679127,-0.047134221,-0.84285043,3692,7.4335358,0.41097732,True,,0,0,0,0
upbit_krw,SUPERTREND_TSMOM_30_SCORE_AVG_GT_1_SIZING,0.5,0.5,5,1,0.01666374,-0.015490727,-0.76396688,3692,6.2982398,0.41141079,True,,0,0,0,0
upbit_krw,SUPERTREND_TSMOM_30_SCORE_AVG_GT_1_SIZING,1,1,10,2,0.0036817754,-0.019203867,-0.76897696,3692,6.2982398,0.41123891,True,,0,0,0,0
upbit_krw,SUPERTREND_TSMOM_30_SCORE_AVG_GT_1_SIZING,1.5,1.5,15,3,-0.009129917,-0.022899599,-0.77388233,3692,6.2982398,0.41107683,True,,0,0,0,0
upbit_krw,SUPERTREND_TSMOM_30_SCORE_AVG_GT_1_SIZING,2,2,20,4,-0.021833109,-0.026578009,-0.77868515,3692,6.2982398,0.41092477,True,,0,0,0,0
upbit_krw,VIDYA_TSMOM_30_ETH_GT_MA50_GATE,0.5,0.5,5,1,0.0051653071,-0.0084480552,-0.90859112,4417,9.9313393,0.41888167,True,,0,0,0,0
upbit_krw,VIDYA_TSMOM_30_ETH_GT_MA50_GATE,1,1,10,2,-0.012001571,-0.014215902,-0.91070009,4417,9.9313393,0.41883212,True,,0,0,0,0
upbit_krw,VIDYA_TSMOM_30_ETH_GT_MA50_GATE,1.5,1.5,15,3,-0.029161092,-0.019941994,-0.9127617,4417,9.9313393,0.41871307,True,,0,0,0,0
upbit_krw,VIDYA_TSMOM_30_ETH_GT_MA50_GATE,2,2,20,4,-0.046306229,-0.025626669,-0.91477698,4417,9.9313393,0.4185382,True,,0,0,0,0
upbit_krw,VIDYA_TSMOM_30_ETH_GT_MA50_SIZING,0.5,0.5,5,1,0.0051653071,-0.0084480552,-0.90859112,4417,9.9313393,0.41888167,True,,0,0,0,0
upbit_krw,VIDYA_TSMOM_30_ETH_GT_MA50_SIZING,1,1,10,2,-0.012001571,-0.014215902,-0.91070009,4417,9.9313393,0.41883212,True,,0,0,0,0
upbit_krw,VIDYA_TSMOM_30_ETH_GT_MA50_SIZING,1.5,1.5,15,3,-0.029161092,-0.019941994,-0.9127617,4417,9.9313393,0.41871307,True,,0,0,0,0
upbit_krw,VIDYA_TSMOM_30_ETH_GT_MA50_SIZING,2,2,20,4,-0.046306229,-0.025626669,-0.91477698,4417,9.9313393,0.4185382,True,,0,0,0,0
upbit_krw,VIDYA_TSMOM_30_SCORE_AVG_GT_1_SIZING,0.5,0.5,5,1,-0.0023784103,-0.01456709,-0.75889275,4949,8.7875081,0.41711468,True,,0,0,0,0
upbit_krw,VIDYA_TSMOM_30_SCORE_AVG_GT_1_SIZING,1,1,10,2,-0.020209182,-0.019706271,-0.76229101,4949,8.7875081,0.417001,True,,0,0,0,0
upbit_krw,VIDYA_TSMOM_30_SCORE_AVG_GT_1_SIZING,1.5,1.5,15,3,-0.038029342,-0.02481151,-0.7656425,4949,8.7875081,0.41682803,True,,0,0,0,0
upbit_krw,VIDYA_TSMOM_30_SCORE_AVG_GT_1_SIZING,2,2,20,4,-0.055832586,-0.029883056,-0.76894785,4949,8.7875081,0.41671368,True,,0,0,0,0
upbit_krw,VMA_TSMOM_30_ETH_GT_MA50_GATE,0.5,0.5,5,1,0.0131036,-0.0084937062,-0.92795089,4931,11.579521,0.43151347,True,,0,0,0,0
upbit_krw,VMA_TSMOM_30_ETH_GT_MA50_GATE,1,1,10,2,-0.0067210488,-0.015133394,-0.92988041,4931,11.579521,0.43135585,True,,0,0,0,0
upbit_krw,VMA_TSMOM_30_ETH_GT_MA50_GATE,1.5,1.5,15,3,-0.026512053,-0.021717861,-0.93175944,4931,11.579521,0.43122964,True,,0,0,0,0
upbit_krw,VMA_TSMOM_30_ETH_GT_MA50_GATE,2,2,20,4,-0.046254974,-0.028247625,-0.93358926,4931,11.579521,0.43097842,True,,0,0,0,0
upbit_krw,VMA_TSMOM_30_ETH_GT_MA50_SIZING,0.5,0.5,5,1,0.0131036,-0.0084937062,-0.92795089,4931,11.579521,0.43151347,True,,0,0,0,0
upbit_krw,VMA_TSMOM_30_ETH_GT_MA50_SIZING,1,1,10,2,-0.0067210488,-0.015133394,-0.92988041,4931,11.579521,0.43135585,True,,0,0,0,0
upbit_krw,VMA_TSMOM_30_ETH_GT_MA50_SIZING,1.5,1.5,15,3,-0.026512053,-0.021717861,-0.93175944,4931,11.579521,0.43122964,True,,0,0,0,0
upbit_krw,VMA_TSMOM_30_ETH_GT_MA50_SIZING,2,2,20,4,-0.046254974,-0.028247625,-0.93358926,4931,11.579521,0.43097842,True,,0,0,0,0
upbit_krw,VMA_TSMOM_30_SCORE_AVG_GT_1_GATE,0.5,0.5,5,1,-0.022049031,-0.03232813,-0.93774125,5469,12.584992,0.43281612,True,,0,0,0,0
upbit_krw,VMA_TSMOM_30_SCORE_AVG_GT_1_GATE,1,1,10,2,-0.042348656,-0.039510031,-0.93941435,5469,12.584992,0.43263845,True,,0,0,0,0
upbit_krw,VMA_TSMOM_30_SCORE_AVG_GT_1_GATE,1.5,1.5,15,3,-0.062624298,-0.046626616,-0.94104351,5469,12.584992,0.43247117,True,,0,0,0,0
upbit_krw,VMA_TSMOM_30_SCORE_AVG_GT_1_GATE,2,2,20,4,-0.082862389,-0.053678546,-0.94262986,5469,12.584992,0.43233098,True,,0,0,0,0
upbit_krw,VMA_TSMOM_30_SCORE_AVG_GT_1_SIZING,0.5,0.5,5,1,0.0013367829,-0.013624493,-0.79967677,5469,9.9689055,0.43280711,True,,0,0,0,0
upbit_krw,VMA_TSMOM_30_SCORE_AVG_GT_1_SIZING,1,1,10,2,-0.018722154,-0.019426284,-0.80305557,5469,9.9689055,0.43262943,True,,0,0,0,0
upbit_krw,VMA_TSMOM_30_SCORE_AVG_GT_1_SIZING,1.5,1.5,15,3,-0.038747156,-0.025185274,-0.80637851,5469,9.9689055,0.43245002,True,,0,0,0,0
upbit_krw,VMA_TSMOM_30_SCORE_AVG_GT_1_SIZING,2,2,20,4,-0.058725819,-0.030901814,-0.8096465,5469,9.9689055,0.43230082,True,,0,0,0,0
